Student_ID,Cumulative_GPA,Household_Income,Mental_Health_Index,Dropout_Status
STU_0001,2.95,Low,4.9,1
STU_0002,2.63,Low,4.0,1
STU_0003,3.02,Medium,6.1,0
STU_0004,3.46,Medium,8.2,1
STU_0005,2.58,Low,1.7,1
STU_0006,2.58,High,5.7,0
STU_0007,3.49,Low,5.2,1
STU_0008,3.08,Medium,6.8,0
STU_0009,2.47,Medium,5.9,0
STU_0010,2.97,Medium,4.0,0
STU_0011,2.47,Medium,4.9,1
STU_0012,2.47,Medium,3.9,0
STU_0013,2.82,Low,7.7,1
STU_0014,1.74,Medium,5.5,0
STU_0015,1.84,Low,9.3,1
STU_0016,2.42,Medium,5.4,0
STU_0017,2.19,Medium,4.1,0
STU_0018,2.86,Medium,2.5,0
STU_0019,2.25,Low,1.9,1
STU_0020,1.99,Medium,2.3,0
STU_0021,3.43,Medium,6.0,0
STU_0022,2.59,Medium,6.5,0
STU_0023,2.73,Low,2.3,1
STU_0024,1.99,Low,7.3,1
STU_0025,2.43,Low,4.5,1
STU_0026,2.76,Low,5.8,0
STU_0027,2.12,Medium,8.7,1
STU_0028,2.89,Low,7.3,1
STU_0029,2.4,High,5.0,0
STU_0030,2.55,Low,3.7,0
STU_0031,2.4,Low,1.2,0
STU_0032,3.63,Medium,4.1,0
STU_0033,2.69,Medium,5.1,0
STU_0034,2.17,Low,3.5,0
STU_0035,3.11,Medium,5.2,0
STU_0036,2.09,Medium,5.7,0
STU_0037,2.8,Low,5.1,0
STU_0038,1.72,High,4.2,0
STU_0039,2.04,High,5.8,0
STU_0040,2.8,Medium,6.4,0
STU_0041,3.07,Low,3.3,1
STU_0042,2.79,Medium,8.3,0
STU_0043,2.64,Low,5.3,0
STU_0044,2.55,Low,5.5,0
STU_0045,1.96,Low,6.9,1
STU_0046,2.34,Low,6.0,0
STU_0047,2.47,Medium,7.4,0
STU_0048,3.23,Medium,6.1,0
STU_0049,2.87,Medium,4.3,0
STU_0050,1.82,Low,6.2,1
STU_0051,2.86,Low,3.2,0
STU_0052,2.51,Low,5.7,0
STU_0053,2.36,High,5.4,0
STU_0054,3.01,Low,5.1,1
STU_0055,3.22,Medium,5.2,0
STU_0056,3.17,Medium,1.7,0
STU_0057,2.28,Low,4.4,0
STU_0058,2.55,Medium,5.7,0
STU_0059,2.87,Low,5.8,0
STU_0060,3.19,Medium,3.4,0
STU_0061,2.46,High,8.0,1
STU_0062,2.61,Low,3.8,0
STU_0063,2.15,Low,7.4,1
STU_0064,2.1,Medium,6.4,0
STU_0065,3.11,High,4.2,0
STU_0066,3.38,Low,9.1,1
STU_0067,2.66,Medium,3.1,0
STU_0068,3.2,Medium,7.3,1
STU_0069,2.88,Medium,7.5,1
STU_0070,2.38,Low,4.2,1
STU_0071,2.88,Medium,8.3,0
STU_0072,3.47,High,5.0,0
STU_0073,2.68,Low,6.1,0
STU_0074,3.48,Low,6.0,0
STU_0075,1.39,High,5.2,0
STU_0076,3.11,Low,7.1,1
STU_0077,2.74,Medium,7.1,0
STU_0078,2.55,Low,2.0,0
STU_0079,2.75,Low,8.1,1
STU_0080,1.71,Medium,2.2,1
STU_0081,2.59,Low,7.6,1
STU_0082,2.88,Medium,7.8,0
STU_0083,3.44,Low,3.3,0
STU_0084,2.44,Medium,4.7,0
STU_0085,2.3,Low,3.3,0
STU_0086,2.45,Low,5.1,1
STU_0087,3.16,High,4.9,0
STU_0088,2.86,Low,7.1,0
STU_0089,2.44,Medium,8.1,1
STU_0090,2.96,Low,8.3,1
STU_0091,2.75,Medium,4.4,1
STU_0092,3.18,Low,5.1,0
STU_0093,2.35,High,2.1,0
STU_0094,2.54,Low,3.9,0
STU_0095,2.5,Low,7.4,0
STU_0096,1.97,Low,8.7,1
STU_0097,2.85,Low,3.0,0
STU_0098,2.83,Medium,4.3,0
STU_0099,2.7,Low,5.4,1
STU_0100,2.58,Medium,6.1,0
STU_0101,1.99,Low,3.9,0
STU_0102,2.49,Low,6.3,1
STU_0103,2.53,Medium,4.6,0
STU_0104,2.3,Medium,5.5,0
STU_0105,2.62,Low,6.6,1
STU_0106,2.9,Low,5.5,0
STU_0107,3.64,Low,4.6,0
STU_0108,2.79,Medium,5.3,0
STU_0109,2.83,Medium,5.3,0
STU_0110,2.66,Low,4.8,1
STU_0111,1.74,Medium,5.0,1
STU_0112,2.69,Medium,8.7,0
STU_0113,2.73,Medium,6.6,0
STU_0114,3.93,Medium,4.9,0
STU_0115,2.6,Low,6.9,0
STU_0116,2.85,Low,4.8,1
STU_0117,2.68,Low,7.8,0
STU_0118,2.12,Low,6.2,1
STU_0119,3.27,Medium,5.3,1
STU_0120,3.08,High,6.4,0
STU_0121,3.1,Low,2.4,1
STU_0122,2.25,Low,3.2,0
STU_0123,3.4,Low,3.1,0
STU_0124,2.0,High,5.8,0
STU_0125,2.99,Low,9.0,1
STU_0126,3.8,Medium,10.0,0
STU_0127,2.2,Low,6.8,1
STU_0128,2.42,Low,6.5,1
STU_0129,2.75,High,1.9,0
STU_0130,2.45,High,4.4,0
STU_0131,1.92,Low,3.9,0
STU_0132,2.73,High,4.3,0
STU_0133,2.17,Medium,5.2,1
STU_0134,2.94,Medium,4.6,0
STU_0135,2.24,Low,1.5,1
STU_0136,3.47,Medium,7.0,1
STU_0137,2.31,Low,3.4,0
STU_0138,2.54,Medium,6.0,0
STU_0139,3.11,Low,9.6,0
STU_0140,2.08,Low,3.7,1
STU_0141,2.81,Low,1.0,1
STU_0142,3.35,Medium,4.9,0
STU_0143,1.9,Low,7.7,1
STU_0144,2.79,Medium,9.4,0
STU_0145,2.83,High,3.0,0
STU_0146,3.09,Low,6.5,1
STU_0147,2.08,Medium,4.6,0
STU_0148,2.04,Low,5.3,1
STU_0149,2.96,Medium,10.0,0
STU_0150,2.85,Low,2.5,0
STU_0151,2.83,Medium,6.0,0
STU_0152,2.87,Medium,6.4,0
STU_0153,2.36,High,7.7,1
STU_0154,2.82,Medium,5.7,1
STU_0155,2.85,Low,6.1,0
STU_0156,2.34,Medium,4.7,0
STU_0157,3.63,Medium,6.0,0
STU_0158,2.94,Medium,4.8,0
STU_0159,2.1,Low,6.7,1
STU_0160,3.03,High,4.8,1
STU_0161,2.21,Medium,6.3,0
STU_0162,3.09,Medium,5.4,0
STU_0163,3.28,Low,7.8,0
STU_0164,2.29,Medium,5.4,0
STU_0165,3.18,Low,2.0,0
STU_0166,2.91,Medium,8.0,0
STU_0167,3.11,Low,3.7,1
STU_0168,3.65,Medium,4.2,0
STU_0169,2.58,High,4.3,0
STU_0170,2.32,Low,8.2,0
STU_0171,2.26,High,1.2,0
STU_0172,2.29,Low,10.0,1
STU_0173,2.66,Medium,7.6,1
STU_0174,2.87,Medium,5.9,0
STU_0175,2.84,Medium,5.4,1
STU_0176,3.11,Medium,6.1,0
STU_0177,2.71,Medium,6.5,0
STU_0178,3.43,Low,6.8,0
STU_0179,2.57,Low,6.6,0
STU_0180,4.0,Medium,5.7,0
STU_0181,3.01,Medium,5.1,0
STU_0182,2.27,Medium,5.2,1
STU_0183,2.16,Medium,5.1,1
STU_0184,2.94,Low,7.8,1
STU_0185,2.59,Medium,6.7,0
STU_0186,3.06,Low,1.0,0
STU_0187,2.94,Medium,6.8,0
STU_0188,2.66,Low,5.9,1
STU_0189,2.28,Low,5.5,1
STU_0190,1.94,Low,4.7,0
STU_0191,2.48,Low,7.7,1
STU_0192,3.13,Medium,7.4,1
STU_0193,2.81,Low,4.0,1
STU_0194,2.08,Low,6.3,1
STU_0195,2.79,Low,3.6,1
STU_0196,2.89,Low,2.7,0
STU_0197,2.26,Low,4.2,0
STU_0198,2.78,Low,7.2,1
STU_0199,2.73,Medium,7.4,1
STU_0200,2.13,Medium,6.5,1
STU_0201,2.88,Medium,7.0,0
STU_0202,2.98,Low,6.5,0
STU_0203,3.24,Low,4.2,0
STU_0204,3.23,Medium,6.4,0
STU_0205,2.01,Medium,7.1,0
STU_0206,2.23,Low,7.0,0
STU_0207,2.96,Low,7.9,0
STU_0208,2.96,Low,6.9,1
STU_0209,2.96,Low,6.2,1
STU_0210,4.0,Low,7.6,1
STU_0211,2.99,Medium,5.4,0
STU_0212,3.27,Medium,3.7,0
STU_0213,3.18,Medium,5.2,0
STU_0214,3.03,Medium,4.0,0
STU_0215,2.54,Medium,4.1,0
STU_0216,3.08,Medium,5.2,0
STU_0217,2.31,High,3.9,0
STU_0218,2.58,Low,4.9,0
STU_0219,2.46,Low,1.7,1
STU_0220,2.74,Low,5.9,1
STU_0221,3.86,Medium,5.5,0
STU_0222,1.77,Medium,3.9,1
STU_0223,3.04,Low,6.8,0
STU_0224,1.89,High,7.4,0
STU_0225,2.46,Low,2.3,1
STU_0226,3.24,High,4.0,0
STU_0227,2.73,Low,4.0,0
STU_0228,2.16,Low,3.6,1
STU_0229,2.34,Low,7.2,1
STU_0230,3.04,Low,5.1,1
STU_0231,2.33,Low,5.0,0
STU_0232,2.81,Low,1.5,0
STU_0233,2.72,Medium,6.8,0
STU_0234,2.37,Medium,3.0,0
STU_0235,3.77,Low,5.6,0
STU_0236,3.02,Medium,6.1,0
STU_0237,1.69,Medium,8.2,1
STU_0238,2.79,Low,2.9,0
STU_0239,2.37,Low,1.0,0
STU_0240,3.13,Low,5.9,0
STU_0241,2.3,Low,9.1,0
STU_0242,2.64,Medium,8.0,0
STU_0243,2.95,Low,5.9,0
STU_0244,3.13,Medium,4.5,0
STU_0245,2.1,Medium,7.1,1
STU_0246,2.53,Low,3.6,1
STU_0247,2.46,Medium,6.5,1
STU_0248,2.37,Low,6.5,0
STU_0249,3.58,High,7.6,0
STU_0250,2.9,Low,10.0,1
STU_0251,2.07,Medium,6.3,0
STU_0252,3.16,Medium,4.5,0
STU_0253,3.76,Low,5.4,1
STU_0254,3.22,Medium,2.0,0
STU_0255,1.94,High,4.1,1
STU_0256,2.46,Medium,4.7,1
STU_0257,3.33,Medium,4.5,0
STU_0258,2.35,Medium,5.8,0
STU_0259,2.92,Low,3.9,1
STU_0260,3.09,Low,7.7,0
STU_0261,2.24,Medium,5.5,0
STU_0262,2.67,Low,5.5,1
STU_0263,1.08,Medium,4.8,1
STU_0264,2.19,High,5.8,0
STU_0265,2.57,Low,7.2,1
STU_0266,2.08,Low,3.8,0
STU_0267,3.52,Medium,4.2,0
STU_0268,1.98,Low,4.9,0
STU_0269,2.48,Medium,2.8,0
STU_0270,2.77,Low,3.9,0
STU_0271,3.42,Medium,4.5,0
STU_0272,1.98,Low,7.2,1
STU_0273,3.28,Medium,6.0,1
STU_0274,2.71,Low,5.9,1
STU_0275,2.21,Medium,7.2,0
STU_0276,2.93,Low,5.2,0
STU_0277,2.8,Medium,6.3,0
STU_0278,2.4,Medium,5.3,0
STU_0279,2.73,Low,6.0,1
STU_0280,2.51,Low,4.3,0
STU_0281,2.76,Low,1.0,1
STU_0282,3.03,Medium,5.2,0
STU_0283,3.49,Medium,8.3,0
STU_0284,2.08,Medium,7.4,1
STU_0285,3.77,Low,7.4,1
STU_0286,1.72,Low,8.0,1
STU_0287,2.62,Medium,5.7,0
STU_0288,2.99,Low,5.9,1
STU_0289,2.84,High,4.3,0
STU_0290,2.39,Low,4.9,1
STU_0291,2.6,Medium,6.7,0
STU_0292,2.45,Low,7.9,1
STU_0293,2.41,Low,5.2,0
STU_0294,3.12,Medium,4.6,0
STU_0295,2.88,Medium,5.5,0
STU_0296,2.35,High,6.7,0
STU_0297,3.15,Low,2.6,0
STU_0298,2.85,Low,1.0,1
STU_0299,3.11,Medium,4.4,0
STU_0300,3.01,Medium,3.1,0
STU_0301,2.29,Low,4.5,0
STU_0302,2.42,Low,5.2,1
STU_0303,3.07,Low,4.6,0
STU_0304,3.01,Medium,8.4,0
STU_0305,2.69,Low,6.2,0
STU_0306,2.76,Low,6.1,1
STU_0307,3.34,Low,6.7,0
STU_0308,2.4,Low,3.2,0
STU_0309,2.97,Low,7.6,1
STU_0310,2.6,Medium,5.3,0
STU_0311,2.59,Low,6.8,0
STU_0312,3.25,Medium,3.4,0
STU_0313,3.11,Low,2.4,0
STU_0314,3.11,Medium,7.1,1
STU_0315,3.35,Medium,6.3,0
STU_0316,2.71,Medium,3.7,0
STU_0317,3.04,Medium,3.8,0
STU_0318,2.54,Low,7.8,0
STU_0319,2.86,Low,3.1,0
STU_0320,2.63,Medium,8.8,1
STU_0321,2.75,High,3.7,0
STU_0322,3.0,Medium,6.8,0
STU_0323,2.29,Medium,4.8,0
STU_0324,3.75,Medium,6.7,0
STU_0325,2.2,Low,4.4,0
STU_0326,2.09,Low,5.2,1
STU_0327,3.28,Medium,5.6,0
STU_0328,3.1,High,3.5,0
STU_0329,3.01,Low,7.0,1
STU_0330,3.01,Medium,4.5,0
STU_0331,2.69,Low,5.0,0
STU_0332,2.25,Medium,3.5,0
STU_0333,2.74,Low,1.0,0
STU_0334,2.36,Low,5.1,1
STU_0335,3.19,Medium,10.0,0
STU_0336,2.63,Low,7.1,1
STU_0337,2.29,Medium,5.5,0
STU_0338,2.54,Medium,5.0,0
STU_0339,2.91,High,5.5,1
STU_0340,2.42,Low,6.6,0
STU_0341,2.29,Low,3.1,1
STU_0342,2.82,Low,7.7,0
STU_0343,2.82,High,6.9,0
STU_0344,2.45,High,6.9,0
STU_0345,2.46,Medium,6.4,0
STU_0346,2.82,Medium,5.5,0
STU_0347,1.98,Medium,6.8,0
STU_0348,2.0,Medium,6.7,1
STU_0349,2.34,Low,4.8,0
STU_0350,2.59,Medium,4.4,0
STU_0351,2.86,Low,5.7,0
STU_0352,3.44,Medium,8.6,0
STU_0353,3.13,Medium,3.0,0
STU_0354,2.62,Medium,2.6,0
STU_0355,2.69,Low,5.8,0
STU_0356,2.2,Low,5.6,1
STU_0357,2.69,Low,5.8,0
STU_0358,2.56,Low,6.0,0
STU_0359,2.86,Low,5.1,0
STU_0360,2.29,High,8.5,0
STU_0361,2.96,Medium,2.3,0
STU_0362,3.47,Low,3.8,0
STU_0363,2.65,Low,5.3,0
STU_0364,2.9,Low,2.2,0
STU_0365,3.05,Medium,5.1,0
STU_0366,2.5,Medium,8.8,0
STU_0367,2.81,High,5.5,0
STU_0368,2.71,Low,6.0,1
STU_0369,2.75,High,3.0,0
STU_0370,2.31,Medium,4.3,0
STU_0371,2.71,Low,4.7,0
STU_0372,2.95,High,4.9,0
STU_0373,3.43,Low,8.1,1
STU_0374,3.18,Medium,6.6,0
STU_0375,3.78,Low,3.3,1
STU_0376,2.32,Medium,6.0,0
STU_0377,3.14,Medium,6.5,1
STU_0378,2.79,Medium,7.8,0
STU_0379,3.79,Medium,8.7,0
STU_0380,2.3,Low,3.5,1
STU_0381,2.28,Low,3.9,0
STU_0382,2.4,Low,3.0,1
STU_0383,1.64,Low,5.0,1
STU_0384,2.44,Medium,6.4,0
STU_0385,2.32,Low,7.5,0
STU_0386,2.78,High,5.3,0
STU_0387,2.87,Medium,4.9,0
STU_0388,3.64,Medium,5.8,0
STU_0389,3.18,Low,3.8,0
STU_0390,2.41,Medium,9.7,1
STU_0391,2.25,High,2.3,0
STU_0392,2.95,Low,5.9,0
STU_0393,2.04,Medium,9.5,1
STU_0394,3.62,Medium,5.5,0
STU_0395,3.29,Low,5.1,0
STU_0396,2.47,Medium,4.8,0
STU_0397,1.84,Low,5.1,1
STU_0398,3.38,Low,8.2,1
STU_0399,2.64,Low,1.1,1
STU_0400,3.32,Low,8.6,1
STU_0401,1.9,Low,2.7,1
STU_0402,2.4,Low,5.0,1
STU_0403,2.7,High,4.6,0
STU_0404,2.72,Medium,6.7,0
STU_0405,2.47,High,2.3,0
STU_0406,3.01,Low,6.4,0
STU_0407,2.17,Low,9.5,1
STU_0408,2.63,Medium,2.8,0
STU_0409,2.76,Low,5.9,1
STU_0410,2.96,Low,4.2,1
STU_0411,3.06,Medium,6.4,0
STU_0412,2.14,Low,5.5,1
STU_0413,1.93,Medium,4.2,1
STU_0414,3.34,Medium,6.5,0
STU_0415,2.87,Low,9.1,1
STU_0416,2.33,Low,5.1,0
STU_0417,3.48,Medium,6.9,0
STU_0418,2.76,Low,2.9,1
STU_0419,3.29,Low,3.6,1
STU_0420,2.73,High,6.4,0
STU_0421,3.73,Low,8.5,0
STU_0422,3.58,Medium,6.2,0
STU_0423,2.58,High,4.9,1
STU_0424,3.19,Low,5.5,1
STU_0425,3.02,Low,3.0,0
STU_0426,3.38,Low,6.7,1
STU_0427,2.22,Low,7.3,1
STU_0428,3.04,Low,4.6,0
STU_0429,3.23,Medium,4.6,1
STU_0430,1.82,Low,6.0,1
STU_0431,2.11,Medium,4.6,1
STU_0432,1.68,High,5.4,1
STU_0433,2.57,Medium,9.7,0
STU_0434,3.06,Medium,5.0,0
STU_0435,3.45,Low,4.8,0
STU_0436,2.74,Medium,4.2,0
STU_0437,3.51,Medium,7.0,0
STU_0438,2.01,Low,5.1,1
STU_0439,1.85,Low,4.2,1
STU_0440,2.67,Medium,8.1,0
STU_0441,2.89,Low,8.3,1
STU_0442,2.68,Low,4.3,0
STU_0443,1.67,Low,1.8,1
STU_0444,2.66,Low,7.5,1
STU_0445,2.05,Medium,4.1,0
STU_0446,3.03,Medium,7.1,0
STU_0447,2.88,Medium,1.6,0
STU_0448,2.23,Low,7.3,1
STU_0449,2.44,Low,3.1,0
STU_0450,2.17,Low,7.0,0
STU_0451,2.67,Low,5.5,1
STU_0452,3.18,Low,3.6,0
STU_0453,2.21,Medium,4.7,0
STU_0454,2.95,Low,6.9,0
STU_0455,2.43,Medium,5.7,1
STU_0456,2.3,Low,6.7,1
STU_0457,2.65,Low,9.5,0
STU_0458,2.18,Low,2.4,1
STU_0459,2.42,High,8.7,0
STU_0460,2.1,Medium,5.7,1
STU_0461,3.68,High,3.7,0
STU_0462,2.72,Low,2.8,1
STU_0463,2.35,Low,5.1,0
STU_0464,2.81,Medium,7.3,1
STU_0465,2.64,Low,5.2,0
STU_0466,2.59,Medium,8.5,0
STU_0467,3.01,Low,2.6,0
STU_0468,3.08,Low,5.5,1
STU_0469,2.43,Low,3.0,1
STU_0470,2.41,Low,6.2,1
STU_0471,2.56,Medium,7.3,0
STU_0472,1.55,Low,4.7,1
STU_0473,1.94,Low,1.0,1
STU_0474,3.38,Low,5.9,1
STU_0475,3.52,Low,6.4,1
STU_0476,2.58,Medium,6.3,0
STU_0477,2.99,Medium,8.0,0
STU_0478,2.86,High,3.4,0
STU_0479,4.0,Medium,6.9,0
STU_0480,3.26,Low,7.9,1
STU_0481,2.64,Medium,1.9,0
STU_0482,2.22,Low,6.1,0
STU_0483,1.9,Low,4.5,1
STU_0484,2.8,Medium,5.3,0
STU_0485,2.32,Low,6.2,0
STU_0486,1.99,High,4.5,1
STU_0487,2.38,Low,4.1,0
STU_0488,2.16,Medium,5.6,0
STU_0489,3.54,Medium,3.3,0
STU_0490,3.14,Medium,3.3,0
STU_0491,2.7,Medium,6.9,0
STU_0492,3.44,Medium,3.2,0
STU_0493,2.74,Low,6.8,0
STU_0494,2.27,Medium,6.4,0
STU_0495,3.46,Low,2.0,0
STU_0496,2.97,Medium,4.1,0
STU_0497,2.18,Medium,7.9,1
STU_0498,2.6,Medium,3.5,0
STU_0499,2.26,Low,4.6,1
STU_0500,2.01,Low,6.4,0
STU_0501,3.16,Medium,7.1,0
STU_0502,3.65,Low,5.0,0
STU_0503,2.0,Low,4.3,1
STU_0504,2.98,Low,8.3,1
STU_0505,2.37,High,9.0,0
STU_0506,2.46,Medium,7.5,1
STU_0507,2.4,Low,5.7,0
STU_0508,2.27,Low,3.9,0
STU_0509,2.72,Low,3.8,0
STU_0510,2.28,Medium,6.5,0
STU_0511,2.84,Medium,6.3,0
STU_0512,2.67,Low,8.3,1
STU_0513,2.58,Low,6.8,0
STU_0514,2.25,Low,2.5,1
STU_0515,2.41,Medium,7.6,0
STU_0516,3.08,Medium,3.5,0
STU_0517,2.95,Low,4.7,0
STU_0518,2.21,Low,6.0,0
STU_0519,2.75,Low,9.5,0
STU_0520,3.08,High,10.0,1
STU_0521,1.87,Low,6.7,0
STU_0522,2.97,Medium,5.1,1
STU_0523,2.37,Medium,6.6,0
STU_0524,2.99,Low,7.3,0
STU_0525,2.32,Low,4.9,1
STU_0526,1.8,Low,9.1,1
STU_0527,1.89,Medium,6.0,0
STU_0528,2.72,Medium,6.5,0
STU_0529,2.83,Medium,6.8,0
STU_0530,2.25,Medium,6.3,0
STU_0531,3.02,Low,7.2,1
STU_0532,1.87,High,4.3,0
STU_0533,2.67,Medium,4.4,0
STU_0534,2.09,Low,3.3,0
STU_0535,2.37,High,6.4,0
STU_0536,2.72,Medium,7.1,0
STU_0537,2.27,Medium,6.4,0
STU_0538,2.51,Medium,8.8,0
STU_0539,3.2,Medium,5.5,0
STU_0540,2.41,Medium,6.8,0
STU_0541,3.12,Low,3.3,0
STU_0542,2.14,Low,4.7,1
STU_0543,2.96,High,6.9,0
STU_0544,3.42,Low,7.2,1
STU_0545,1.46,Low,4.9,1
STU_0546,2.3,Low,5.4,1
STU_0547,2.99,Low,2.5,0
STU_0548,2.6,Medium,4.8,0
STU_0549,2.89,High,7.3,1
STU_0550,2.4,Low,6.7,1
STU_0551,2.74,Low,6.5,1
STU_0552,2.62,Low,5.6,0
STU_0553,3.28,Medium,5.5,0
STU_0554,2.83,Medium,4.2,1
STU_0555,2.87,Low,6.9,0
STU_0556,2.49,Medium,6.3,0
STU_0557,2.46,Medium,6.5,0
STU_0558,2.48,Medium,4.4,0
STU_0559,2.9,High,1.2,0
STU_0560,2.49,Low,7.7,1
STU_0561,2.84,Medium,4.5,1
STU_0562,3.74,Low,3.8,1
STU_0563,3.14,Medium,6.9,0
STU_0564,2.54,Medium,4.7,1
STU_0565,3.3,Medium,7.6,0
STU_0566,2.5,Medium,6.7,0
STU_0567,1.68,Low,6.9,1
STU_0568,2.2,Medium,2.8,1
STU_0569,1.76,High,7.9,1
STU_0570,2.52,High,6.0,0
STU_0571,2.71,Low,4.8,0
STU_0572,3.54,Low,5.8,1
STU_0573,2.86,Low,1.9,0
STU_0574,2.59,Medium,6.3,0
STU_0575,3.11,Medium,3.4,0
STU_0576,1.59,Low,2.8,1
STU_0577,2.82,Medium,2.5,1
STU_0578,3.09,Medium,7.7,1
STU_0579,1.96,Medium,4.2,0
STU_0580,3.27,Medium,8.6,0
STU_0581,2.87,Medium,4.4,0
STU_0582,2.49,Medium,2.1,0
STU_0583,3.02,Low,3.3,1
STU_0584,3.84,Medium,8.0,0
STU_0585,2.79,Medium,5.2,0
STU_0586,2.82,Medium,4.4,0
STU_0587,2.47,Medium,5.8,0
STU_0588,2.28,Medium,6.5,0
STU_0589,3.12,Low,7.7,0
STU_0590,2.27,Low,8.4,0
STU_0591,2.74,Low,4.8,0
STU_0592,2.46,Low,2.8,0
STU_0593,2.94,Medium,4.7,0
STU_0594,2.87,High,6.0,1
STU_0595,3.22,Low,3.6,1
STU_0596,2.44,Low,3.6,1
STU_0597,2.57,Medium,6.2,0
STU_0598,2.21,Low,5.4,0
STU_0599,2.48,Medium,5.6,0
STU_0600,2.89,Medium,4.0,1
STU_0601,3.08,Medium,5.0,0
STU_0602,2.24,Low,3.7,1
STU_0603,3.13,Low,7.3,0
STU_0604,3.38,Medium,7.6,0
STU_0605,2.91,Medium,1.8,0
STU_0606,3.64,Low,3.6,1
STU_0607,2.31,Medium,2.5,1
STU_0608,2.08,Low,4.2,0
STU_0609,1.81,Medium,5.3,0
STU_0610,3.45,Low,2.6,0
STU_0611,3.03,High,3.7,0
STU_0612,2.67,Low,3.5,0
STU_0613,2.84,Low,5.9,0
STU_0614,2.14,Low,5.6,1
STU_0615,3.92,Low,4.1,1
STU_0616,2.76,Medium,5.9,1
STU_0617,2.75,High,4.4,0
STU_0618,3.06,Low,5.0,1
STU_0619,2.94,Low,8.8,1
STU_0620,2.81,Medium,8.2,1
STU_0621,2.3,Medium,2.9,0
STU_0622,2.94,Medium,7.2,0
STU_0623,3.64,Low,7.1,0
STU_0624,3.37,Low,3.2,0
STU_0625,3.5,Medium,7.1,0
STU_0626,2.44,Low,8.6,1
STU_0627,2.21,Medium,3.3,0
STU_0628,2.64,Low,3.7,1
STU_0629,2.73,Medium,7.5,0
STU_0630,3.25,Low,6.0,1
STU_0631,1.85,Medium,6.6,1
STU_0632,3.46,Low,6.2,1
STU_0633,2.62,Medium,6.3,0
STU_0634,2.49,Low,2.8,1
STU_0635,2.19,Medium,7.6,1
STU_0636,1.87,Medium,7.8,0
STU_0637,3.11,Medium,5.0,0
STU_0638,2.74,Medium,5.4,0
STU_0639,2.06,Medium,2.4,0
STU_0640,2.05,Medium,6.5,0
STU_0641,2.53,Low,6.6,0
STU_0642,3.53,Medium,5.4,0
STU_0643,2.57,Low,7.7,1
STU_0644,1.95,Low,4.8,1
STU_0645,2.58,Low,6.6,0
STU_0646,2.56,Low,3.5,0
STU_0647,1.35,Medium,5.5,0
STU_0648,2.67,Medium,5.2,0
STU_0649,2.58,Medium,6.0,0
STU_0650,3.05,Medium,4.8,0
STU_0651,3.62,Low,5.2,1
STU_0652,3.26,Low,7.2,1
STU_0653,2.57,Low,4.6,0
STU_0654,2.15,Low,2.3,1
STU_0655,3.99,Low,9.0,0
STU_0656,2.73,Low,8.3,0
STU_0657,2.71,Medium,2.9,0
STU_0658,2.69,Medium,6.9,0
STU_0659,2.8,High,4.5,0
STU_0660,2.63,High,6.0,0
STU_0661,2.41,Medium,6.1,1
STU_0662,2.43,Low,5.0,1
STU_0663,2.68,Medium,3.9,0
STU_0664,2.43,Medium,4.1,0
STU_0665,2.34,Low,3.7,0
STU_0666,2.75,Low,3.8,1
STU_0667,2.57,Medium,5.4,0
STU_0668,3.45,Low,4.1,0
STU_0669,1.37,Medium,6.9,1
STU_0670,3.25,Medium,8.5,0
STU_0671,3.32,Low,4.3,0
STU_0672,1.66,Low,6.0,1
STU_0673,2.53,Low,6.5,1
STU_0674,2.51,Low,6.4,1
STU_0675,2.0,Low,5.7,1
STU_0676,2.31,Medium,7.0,0
STU_0677,2.14,Low,6.5,1
STU_0678,3.58,Medium,3.0,0
STU_0679,3.17,Low,7.2,0
STU_0680,3.34,High,7.3,0
STU_0681,3.06,Low,4.0,1
STU_0682,2.14,Low,5.6,1
STU_0683,2.44,Medium,6.9,0
STU_0684,2.94,Medium,5.1,0
STU_0685,2.09,Low,7.6,1
STU_0686,3.06,Medium,10.0,0
STU_0687,2.58,Low,3.9,0
STU_0688,2.51,Low,2.7,0
STU_0689,3.06,Low,6.1,0
STU_0690,2.92,Low,6.9,0
STU_0691,2.52,Medium,5.0,0
STU_0692,3.28,Low,8.4,0
STU_0693,2.16,Low,2.8,1
STU_0694,3.01,Medium,6.9,0
STU_0695,3.0,Medium,4.3,0
STU_0696,2.55,Low,8.9,1
STU_0697,2.86,Medium,9.5,0
STU_0698,2.07,Low,4.0,0
STU_0699,3.16,Medium,4.4,1
STU_0700,2.61,Medium,7.2,0
STU_0701,2.44,High,4.7,1
STU_0702,3.22,Low,5.4,0
STU_0703,2.35,Low,5.6,0
STU_0704,2.0,Low,1.7,1
STU_0705,1.92,Low,5.5,1
STU_0706,3.0,Low,4.1,1
STU_0707,2.06,High,4.5,0
STU_0708,3.58,Low,8.4,1
STU_0709,1.66,Low,3.0,1
STU_0710,3.55,Medium,7.1,0
STU_0711,2.81,Low,4.9,1
STU_0712,2.65,Medium,4.9,0
STU_0713,2.43,Low,7.1,1
STU_0714,2.9,Low,6.2,0
STU_0715,2.68,Low,6.6,1
STU_0716,3.25,Low,7.4,1
STU_0717,2.76,High,4.8,0
STU_0718,2.78,Low,4.3,0
STU_0719,2.52,Medium,3.3,0
STU_0720,2.67,Low,3.8,0
STU_0721,2.85,Low,10.0,0
STU_0722,1.84,Medium,8.0,1
STU_0723,2.03,Low,2.8,1
STU_0724,3.07,Medium,2.9,0
STU_0725,2.79,High,6.5,0
STU_0726,2.61,Medium,6.6,0
STU_0727,2.71,High,6.6,0
STU_0728,2.87,Low,5.0,1
STU_0729,2.43,Low,5.2,0
STU_0730,2.31,Low,6.2,0
STU_0731,2.8,Medium,5.7,0
STU_0732,2.21,High,1.1,1
STU_0733,2.9,Low,5.0,0
STU_0734,1.85,Medium,3.8,0
STU_0735,3.21,Low,5.9,0
STU_0736,2.94,Medium,10.0,0
STU_0737,2.83,Low,6.2,1
STU_0738,3.19,High,4.9,0
STU_0739,3.53,Medium,7.3,0
STU_0740,3.21,Low,6.5,0
STU_0741,1.78,Low,6.3,1
STU_0742,2.06,Low,6.7,1
STU_0743,2.39,Low,9.6,1
STU_0744,2.71,Low,3.2,1
STU_0745,2.96,Medium,6.4,0
STU_0746,2.34,Medium,3.6,0
STU_0747,2.79,Medium,6.6,0
STU_0748,2.32,Low,3.7,1
STU_0749,2.39,Medium,4.7,0
STU_0750,2.0,Medium,4.9,0
STU_0751,2.24,Low,7.5,0
STU_0752,2.02,Medium,7.3,1
STU_0753,2.21,Medium,3.0,0
STU_0754,3.23,Low,5.6,0
STU_0755,2.23,Low,4.1,0
STU_0756,4.0,Low,3.0,1
STU_0757,2.95,Low,5.1,0
STU_0758,2.79,High,4.9,0
STU_0759,2.27,Medium,10.0,0
STU_0760,3.05,Medium,6.4,0
STU_0761,2.41,Low,2.7,1
STU_0762,2.76,Low,4.4,1
STU_0763,3.98,Medium,7.5,0
STU_0764,2.65,Medium,9.7,0
STU_0765,3.27,Low,2.3,1
STU_0766,2.35,Medium,1.7,0
STU_0767,2.68,Medium,9.2,0
STU_0768,3.59,Low,6.3,0
STU_0769,2.39,Low,3.8,0
STU_0770,3.61,Medium,6.6,1
STU_0771,3.05,Low,1.0,0
STU_0772,2.42,Low,5.5,0
STU_0773,3.02,Low,6.2,0
STU_0774,3.19,Low,7.3,0
STU_0775,3.01,Medium,3.5,0
STU_0776,1.91,Medium,5.7,0
STU_0777,2.34,Low,3.6,1
STU_0778,2.58,Medium,6.0,0
STU_0779,2.66,Medium,3.7,0
STU_0780,3.01,Medium,4.7,0
STU_0781,2.79,Low,3.5,0
STU_0782,2.03,Low,6.8,1
STU_0783,2.89,High,7.2,0
STU_0784,3.01,Medium,5.0,0
STU_0785,2.98,Low,5.6,0
STU_0786,3.24,Low,2.6,0
STU_0787,3.12,Low,4.9,0
STU_0788,2.93,High,5.4,0
STU_0789,2.66,Medium,10.0,0
STU_0790,1.87,Low,3.3,0
STU_0791,2.91,Low,8.4,1
STU_0792,2.8,Medium,7.5,0
STU_0793,2.84,Medium,6.1,1
STU_0794,2.06,Low,9.0,1
STU_0795,2.16,Medium,6.2,1
STU_0796,3.23,High,6.3,0
STU_0797,2.68,Low,5.4,0
STU_0798,3.04,Medium,7.9,0
STU_0799,2.71,Low,7.7,1
STU_0800,2.71,Medium,4.2,1
STU_0801,3.17,Medium,2.9,0
STU_0802,2.44,Medium,5.1,0
STU_0803,2.75,Medium,3.9,0
STU_0804,2.47,Low,5.4,1
STU_0805,2.48,High,8.0,0
STU_0806,2.55,Medium,4.6,1
STU_0807,2.81,Low,5.4,0
STU_0808,2.46,Medium,5.6,0
STU_0809,3.33,Medium,7.2,0
STU_0810,2.25,Low,1.0,1
STU_0811,2.61,Medium,4.3,0
STU_0812,2.48,High,5.9,0
STU_0813,3.42,Low,7.9,0
STU_0814,2.8,High,4.5,0
STU_0815,3.22,Low,1.7,0
STU_0816,1.96,Low,6.7,1
STU_0817,2.83,Low,4.2,0
STU_0818,3.14,Medium,3.1,0
STU_0819,2.74,Medium,4.3,0
STU_0820,3.23,Low,5.1,0
STU_0821,2.44,Low,4.3,1
STU_0822,3.4,Medium,1.1,0
STU_0823,3.85,Low,7.3,1
STU_0824,2.52,Medium,8.0,1
STU_0825,2.48,Medium,6.8,1
STU_0826,3.43,Medium,3.2,0
STU_0827,3.49,High,5.1,0
STU_0828,2.44,Low,5.5,0
STU_0829,2.49,High,6.7,0
STU_0830,2.56,Medium,6.8,0
STU_0831,2.03,Medium,4.0,1
STU_0832,2.24,Low,5.7,0
STU_0833,2.2,Medium,6.4,1
STU_0834,2.32,Low,8.4,1
STU_0835,2.68,Low,6.9,1
STU_0836,2.82,Low,7.1,1
STU_0837,3.48,Medium,5.7,1
STU_0838,2.2,Medium,8.3,0
STU_0839,3.19,Medium,6.3,0
STU_0840,2.59,Medium,3.8,0
STU_0841,2.68,Low,8.3,1
STU_0842,3.04,Medium,6.9,0
STU_0843,2.14,Low,4.6,1
STU_0844,2.89,Medium,4.5,0
STU_0845,2.78,Medium,6.1,1
STU_0846,2.95,Medium,6.4,1
STU_0847,2.84,Medium,5.9,0
STU_0848,3.93,Low,6.1,0
STU_0849,2.38,Low,8.9,0
STU_0850,2.43,Medium,7.6,0
STU_0851,2.39,Low,5.9,0
STU_0852,2.42,Low,7.4,1
STU_0853,2.38,Low,3.4,1
STU_0854,3.29,Medium,6.3,1
STU_0855,3.41,Low,9.1,1
STU_0856,2.41,Low,5.1,0
STU_0857,2.28,Medium,3.8,0
STU_0858,2.94,Medium,4.2,1
STU_0859,2.42,Low,3.3,0
STU_0860,3.02,Low,3.9,0
STU_0861,2.8,Low,4.8,1
STU_0862,1.94,Low,2.7,1
STU_0863,3.47,Low,5.5,1
STU_0864,3.6,Medium,7.3,1
STU_0865,2.39,Medium,3.7,0
STU_0866,2.51,Medium,8.5,0
STU_0867,2.84,Low,6.5,1
STU_0868,2.87,Medium,7.6,0
STU_0869,3.03,Low,4.2,0
STU_0870,3.71,High,7.2,0
STU_0871,2.61,Medium,3.3,0
STU_0872,2.3,Low,7.3,1
STU_0873,2.01,Medium,5.8,1
STU_0874,2.33,Low,6.6,0
STU_0875,2.68,Medium,3.1,1
STU_0876,3.6,Low,3.7,1
STU_0877,2.44,Low,6.7,0
STU_0878,2.81,Medium,3.6,0
STU_0879,2.69,Low,6.4,0
STU_0880,3.29,Medium,2.8,0
STU_0881,3.96,Low,7.2,1
STU_0882,2.43,Medium,3.0,1
STU_0883,2.46,Medium,6.6,0
STU_0884,3.22,Medium,6.8,0
STU_0885,3.04,Low,4.1,1
STU_0886,3.62,Low,6.7,0
STU_0887,2.99,Low,6.0,0
STU_0888,2.52,Low,4.4,0
STU_0889,3.0,Medium,3.5,0
STU_0890,3.25,High,1.6,0
STU_0891,3.11,Medium,6.2,0
STU_0892,2.95,Medium,2.4,1
STU_0893,3.23,Medium,5.7,0
STU_0894,3.28,Medium,5.0,0
STU_0895,3.39,Low,6.9,0
STU_0896,3.02,High,4.9,0
STU_0897,2.62,Medium,4.8,0
STU_0898,2.77,Medium,7.0,0
STU_0899,3.3,Low,6.2,1
STU_0900,2.29,Low,6.1,1
STU_0901,2.88,Low,6.4,1
STU_0902,2.5,Medium,2.4,0
STU_0903,2.71,Medium,7.0,0
STU_0904,3.34,Low,6.7,1
STU_0905,2.8,High,3.5,0
STU_0906,2.72,Low,5.0,0
STU_0907,2.02,Low,5.4,1
STU_0908,3.07,Low,5.2,1
STU_0909,3.02,Medium,6.2,0
STU_0910,3.78,High,8.4,0
STU_0911,2.55,Low,7.7,1
STU_0912,2.81,Medium,2.9,0
STU_0913,2.82,Low,6.7,1
STU_0914,3.49,High,8.2,0
STU_0915,2.65,Medium,6.3,0
STU_0916,2.84,Medium,7.7,0
STU_0917,3.0,Low,9.5,0
STU_0918,2.79,High,7.5,0
STU_0919,2.48,Medium,6.0,0
STU_0920,2.8,Low,7.6,1
STU_0921,3.24,Medium,5.8,0
STU_0922,2.19,Low,5.5,1
STU_0923,2.77,Medium,4.8,0
STU_0924,2.35,Low,8.6,1
STU_0925,3.3,Medium,3.9,0
STU_0926,1.94,Medium,8.6,1
STU_0927,2.42,Low,6.5,0
STU_0928,2.89,Low,2.7,1
STU_0929,3.48,Low,6.2,0
STU_0930,2.67,Low,1.3,1
STU_0931,2.42,Low,6.8,1
STU_0932,3.64,Medium,7.3,1
STU_0933,1.98,Low,4.3,0
STU_0934,1.6,Low,5.7,0
STU_0935,2.92,Medium,9.4,0
STU_0936,2.45,Low,4.5,0
STU_0937,2.19,High,3.4,1
STU_0938,3.05,Medium,8.5,0
STU_0939,2.82,Medium,9.4,0
STU_0940,2.42,Medium,5.5,0
STU_0941,2.06,Medium,7.5,1
STU_0942,3.14,Low,8.2,1
STU_0943,3.03,Low,4.0,0
STU_0944,2.65,Low,4.5,0
STU_0945,3.62,Medium,8.0,1
STU_0946,2.16,Low,8.9,1
STU_0947,1.94,Medium,6.6,0
STU_0948,2.35,High,3.7,0
STU_0949,2.68,Medium,9.5,1
STU_0950,2.82,Medium,4.4,0
STU_0951,2.58,Low,4.8,1
STU_0952,2.88,Medium,6.2,0
STU_0953,2.07,Medium,8.6,0
STU_0954,3.42,Low,7.2,1
STU_0955,2.66,Low,6.3,1
STU_0956,3.26,High,6.4,0
STU_0957,2.87,Medium,5.6,0
STU_0958,2.93,Medium,6.6,0
STU_0959,2.98,Medium,1.0,0
STU_0960,2.92,Medium,4.9,0
STU_0961,3.02,Medium,6.0,0
STU_0962,3.36,Low,3.2,1
STU_0963,2.8,Low,6.3,1
STU_0964,3.05,Low,5.1,0
STU_0965,2.66,Medium,9.0,0
STU_0966,3.42,Medium,8.6,0
STU_0967,2.36,Medium,4.6,0
STU_0968,3.6,Low,5.2,1
STU_0969,2.68,Medium,5.4,0
STU_0970,1.98,Medium,4.6,1
STU_0971,2.76,Medium,5.9,0
STU_0972,2.36,Medium,4.0,1
STU_0973,3.12,Low,3.2,0
STU_0974,2.37,Medium,6.7,0
STU_0975,2.48,Low,6.8,1
STU_0976,1.76,Low,3.9,1
STU_0977,2.47,Low,7.3,1
STU_0978,1.49,Medium,4.2,0
STU_0979,1.91,High,6.0,0
STU_0980,3.08,Medium,7.1,0
STU_0981,3.09,Medium,5.4,0
STU_0982,2.91,Medium,6.4,0
STU_0983,2.22,Medium,4.5,0
STU_0984,2.68,Low,5.1,1
STU_0985,2.7,Low,5.1,0
STU_0986,2.12,Low,4.0,1
STU_0987,3.45,Low,5.1,0
STU_0988,3.14,Low,2.4,0
STU_0989,2.59,Low,4.5,0
STU_0990,2.71,Low,4.9,0
STU_0991,2.8,High,5.0,0
STU_0992,1.68,Low,5.0,0
STU_0993,2.58,Low,5.4,0
STU_0994,2.36,Low,6.5,1
STU_0995,2.2,Medium,7.2,1
STU_0996,2.56,Low,4.2,1
STU_0997,3.6,Low,3.1,1
STU_0998,3.02,Medium,3.4,0
STU_0999,2.41,Low,4.5,0
STU_1000,2.99,Low,4.8,0
